category_id,name,description,image,actual_price
1,Air Conditioners #1,Lloyd 1.5 Ton 3 Star Inverter Split Ac ,https://m.media-amazon.com/images/I/31UISB90sYL._AC_UL320_.jpg,58990
1,Air Conditioners #2,LG 1.5 Ton 5 Star AI DUAL Inverter Split AC ,https://m.media-amazon.com/images/I/51JFb7FctDL._AC_UL320_.jpg,75990
1,Air Conditioners #3,LG 1 Ton 4 Star Ai Dual Inverter Split Ac ,https://m.media-amazon.com/images/I/51JFb7FctDL._AC_UL320_.jpg,61990
1,All Appliances #1,Pigeon by Stovekraft Amaze Plus Electric Kettle ,https://m.media-amazon.com/images/W/IMAGERENDERING_521856-T1/images/I/51DGcy8eBCL._AC_UL320_.jpg,1245
1,All Appliances #2,Pigeon Polypropylene Mini Handy and Compact Chopper with 3 Blades for Effortlessly Chopping Vegetables and Fruits for Your,https://m.media-amazon.com/images/W/IMAGERENDERING_521856-T1/images/I/51RXzjrUmkL._AC_UL320_.jpg,545
1,All Appliances #3,Glun Multipurpose Portable Electronic Digital Weighing Scale Weight Machine ,https://m.media-amazon.com/images/W/IMAGERENDERING_521856-T1/images/I/61ocesEh0cL._AC_UL320_.jpg,899
2,All Car & Motorbike Products #1,SOFTSPUN Microfiber Cloth - 4 pcs - 40x40 cms - 340 GSM Grey- Thick Lint & Streak-Free Multipurpose Cloths - Automotive Mi,https://m.media-amazon.com/images/W/IMAGERENDERING_521856-T1/images/I/91C6slV1XGL._AC_UL320_.jpg,604
2,All Car & Motorbike Products #2,"Involve Your Senses One Musk Organic Car Perfume Bar, Involve Your Senses Strong Fiber Air Freshener to Freshen'up Your Ca",https://m.media-amazon.com/images/W/IMAGERENDERING_521856-T1/images/I/51vw-wdV-eL._AC_UL320_.jpg,399
2,All Car & Motorbike Products #3,ShineXPro Microfiber Car Cleaning Cloth - OG Soft 500 GSM Extra Large ,https://m.media-amazon.com/images/W/IMAGERENDERING_521856-T1/images/I/81hauo1yiwL._AC_UL320_.jpg,549
3,All Electronics #1,Redmi 10 Power ,https://m.media-amazon.com/images/I/81eM15lVcJL._AC_UL320_.jpg,18999
3,All Electronics #2,OnePlus Nord CE 2 Lite 5G ,https://m.media-amazon.com/images/I/71AvQd3VzqL._AC_UL320_.jpg,19999
3,All Electronics #3,"OnePlus Bullets Z2 Bluetooth Wireless in Ear Earphones with Mic, Bombastic Bass - 12.4 Mm Drivers, 10 Mins Charge - 20 Hrs",https://m.media-amazon.com/images/I/51UhwaQXCpL._AC_UL320_.jpg,2299
4,All Exercise & Fitness #1,Kore Regular Gym Bag,https://m.media-amazon.com/images/I/715B2hG++tL._AC_UL320_.jpg,59
4,All Exercise & Fitness #2,"Boldfit Resistance Tube with Foam Handles, Door Anchor for Exercise & Stretching, Suitable in Home & Gym Workout for Men &",https://m.media-amazon.com/images/I/71l0xZ29TfS._AC_UL320_.jpg,699
4,All Exercise & Fitness #3,"Strauss Exercise Latex Resistance Bands, ",https://m.media-amazon.com/images/I/71yLuDGjJUL._AC_UL320_.jpg,1049
5,All Grocery & Gourmet Foods #1,"Nutraj 100% Natural Dried Premium California Walnut Kernels, 500g ",https://m.media-amazon.com/images/I/71f5UPOWDqL._AC_UL320_.jpg,998
5,All Grocery & Gourmet Foods #2,"Cadbury Bournvita 5 Star Magic Health Drink, 750g Pouch",https://m.media-amazon.com/images/I/614FIW5c6HL._AC_UL320_.jpg,353
5,All Grocery & Gourmet Foods #3,Sugar Free Green Natural Stevia Jar,https://m.media-amazon.com/images/I/61rBhkTJ6EL._AC_UL320_.jpg,170
6,All Home & Kitchen #1,Godrej aer Matic Kit ,https://m.media-amazon.com/images/I/6121tV2hW9L._AC_UL320_.jpg,56901
6,All Home & Kitchen #2,"Presto! Oxo-Biodegradable Garbage Bags, Large ",https://m.media-amazon.com/images/I/71-2fEBGZDL._AC_UL320_.jpg,480
6,All Home & Kitchen #3,Happilo 100% Natural Premium 200g Whole Cashews | Whole Crunchy Cashew | Premium Kaju nuts | Nutritious & Delicious | Glut,https://m.media-amazon.com/images/I/71tYPz++3+L._AC_UL320_.jpg,335
7,All Pet Supplies #1,"Meat Up Chicken Flavour Real Chicken Dog Biscuit For All Life Stages, 1kg ",https://m.media-amazon.com/images/I/81eKrwo4VKL._AC_UL320_.jpg,349
7,All Pet Supplies #2,"Purepet Ocean Fish Adult Dry Cat Food, 1.2kg",https://m.media-amazon.com/images/I/71N9qXb6rCL._AC_UL320_.jpg,239
7,All Pet Supplies #3,"Purepet Mackerel Adult Dry Cat Food, 1.2 kg",https://m.media-amazon.com/images/I/71CZOKVVeVL._AC_UL320_.jpg,239
4,"All Sports, Fitness & Outdoors #1",Campus Men's OXYFIT ,https://m.media-amazon.com/images/W/IMAGERENDERING_521856-T2/images/I/61ePa5fEKnL._AC_UL320_.jpg,999
4,"All Sports, Fitness & Outdoors #2",SPOKOFIT Finger Gripper Strength Trainer Forearm Exerciser Hand Yoga Resistance Band Exerciser Climbing,https://m.media-amazon.com/images/W/IMAGERENDERING_521856-T2/images/I/61QE6BcCq3L._AC_UL320_.jpg,699
4,"All Sports, Fitness & Outdoors #3",Baggit Women's PEPSI Sling Bag,https://m.media-amazon.com/images/W/IMAGERENDERING_521856-T2/images/I/51ujEx4nYiL._AC_UL320_.jpg,1599
8,Amazon Fashion #1,"Aqualogica Glow+ Dewy Sunscreen SPF 50 PA+++ For UVA/B & Blue Light Protection, for Glowing & Well Protected Skin, Cream, 50G",https://m.media-amazon.com/images/I/51TSC6UogxL._AC_UL320_.jpg,399
8,Amazon Fashion #2,MARVIK Soft Silicone Adjustable Band Strap Compatible for Oneplus Smart Band & Oppo Smart Band,https://m.media-amazon.com/images/I/51vYDop04SL._AC_UL320_.jpg,999
8,Amazon Fashion #3,108 Panchatantra Stories for Children ,https://m.media-amazon.com/images/I/81VJ+MAc7YL._AC_UL320_.jpg,160
9,"Baby Bath, Skin & Grooming #1","Luv Lap Liquid Cleanser, Anti-Bacterial, Food Grade, For Baby Bottles, Accessories and Vegetables, 1.5ltr",https://m.media-amazon.com/images/I/71p5fCtiCnL._AC_UL320_.jpg,669
9,"Baby Bath, Skin & Grooming #2","Luv Lap LuvLap Aqua Tales Baby Bather for Baby 0-12 Months, New Born Baby Bath Chair, 3 Position Adjustable, Washable Soft",https://m.media-amazon.com/images/I/91JNkTWv4TL._AC_UL320_.jpg,1599
9,"Baby Bath, Skin & Grooming #3","The Moms Co. Natural Baby Massage Oil with 10 Oils - Sesame Oil, Avocado, Organic Almond, Organic Jojoba, Organic Chamomil",https://m.media-amazon.com/images/I/71EQE76D+hL._AC_UL320_.jpg,474
10,Baby Fashion #1,EIO New Born Baby Gift Set -13 Piecess ,https://m.media-amazon.com/images/I/61X3IMp9dvL._AC_UL320_.jpg,1499
10,Baby Fashion #2,"exciting Lives - Vintage Motorbike Pocket Watch Keychain - Gift for Birthday, Anniversary - for Brother, Boyfriend, Friend",https://m.media-amazon.com/images/I/71f3rkWNAFL._AC_UL320_.jpg,699
10,Baby Fashion #3,Jewel string by Bk arts Evil Eye Baby Nazaria adjustable ,https://m.media-amazon.com/images/I/51Fc5epiN1L._AC_UL320_.jpg,799
9,Baby Products #1,"Supples Baby Pants Diapers, Medium ",https://m.media-amazon.com/images/W/IMAGERENDERING_521856-T2/images/I/61ltYn2nmXL._AC_UL320_.jpg,949
9,Baby Products #2,"Pampers Active Baby Taped Diapers, Medium size diapers, ",https://m.media-amazon.com/images/W/IMAGERENDERING_521856-T2/images/I/41TrYNSS2JL._AC_UL320_.jpg,1699
9,Baby Products #3,"Mamaearth Hydragel Indian Sunscreen Spf 50, With Aloe Vera & Raspberry, For Sun Protection - 50G",https://m.media-amazon.com/images/W/IMAGERENDERING_521856-T2/images/I/51oSikddmsL._AC_UL320_.jpg,399
11,Backpacks #1,Skybags Brat Black 46 Cms Casual Backpack,https://m.media-amazon.com/images/I/810s53kR8tL._AC_UL320_.jpg,2100
11,Backpacks #2,SAFARI 15 Ltrs Sea Blue Casual/School/College Backpack ,https://m.media-amazon.com/images/I/61kmCas5OCL._AC_UL320_.jpg,799
11,Backpacks #3,Wesley Milestone 2.0 Casual Waterproof Laptop Backpack/Office Bag/School Bag/College Bag/Business Bag/Travel Backpack ,https://m.media-amazon.com/images/I/811AxL+qTpL._AC_UL320_.jpg,1199
4,Badminton #1,Jaspo Kidzyy Steel Badminton Racquet with 6pc. Nylon Shuttle ,https://m.media-amazon.com/images/I/816z1d69TWL._AC_UL320_.jpg,800
4,Badminton #2,"Klapp Double Shaft Badminton Rackets, with 20 Shuttlecock ",https://m.media-amazon.com/images/I/71UA11w-CiL._AC_UL320_.jpg,1899
4,Badminton #3,Asics Gel-Courtmov+ Men's Badminton Shoe - Azure/Butter,https://m.media-amazon.com/images/I/61oMT8DdsaL._AC_UL320_.jpg,3799
12,Bags & Luggage #1,"GLUN Bolt Electronic Portable Fishing Hook Type Digital LED Screen Luggage Weighing Scale, 50 kg/110 Lb ",https://m.media-amazon.com/images/W/IMAGERENDERING_521856-T1/images/I/61ofVvpW2ZL._AC_UL320_.jpg,899
12,Bags & Luggage #2,Boldfit Shoe Bag for Travel & Storage Travel Organizer for Women & Men Travel Accessories Shoe Organizer Shoe Bags Pouches,https://m.media-amazon.com/images/W/IMAGERENDERING_521856-T1/images/I/71UlEDZPiCL._AC_UL320_.jpg,599
12,Bags & Luggage #3,Storite 2 Pack Moisture Proof Nylon Large Size Underbed Storage Bag ,https://m.media-amazon.com/images/W/IMAGERENDERING_521856-T1/images/I/81-bwn9uesL._AC_UL320_.jpg,1999
13,Ballerinas #1,Feel it Comfortable Leatherite Casual/Formal Ballerina for Women's & Girl's - ,https://m.media-amazon.com/images/W/IMAGERENDERING_521856-T1/images/I/41BkuvvhGXL._AC_UL320_.jpg,999
13,Ballerinas #2,Gliders ,https://m.media-amazon.com/images/W/IMAGERENDERING_521856-T1/images/I/71KiuuTdnWL._AC_UL320_.jpg,399
13,Ballerinas #3,Liberty Women ELENA-113 Casual BalletFlats,https://m.media-amazon.com/images/W/IMAGERENDERING_521856-T1/images/I/71l4DVWCnGL._AC_UL320_.jpg,399
14,Beauty & Grooming #1,WOW Skin Science Vitamin C Serum for Skin whitenening - Brightening and Hyperpigmentation. Genuine 20% - 30ml,https://m.media-amazon.com/images/I/71-RGUlIkoL._AC_UL320_.jpg,699
14,Beauty & Grooming #2,Dot & key Lip Plumping Mask Vitamin C + E ,https://m.media-amazon.com/images/I/51kfbv8mGiL._AC_UL320_.jpg,295
14,Beauty & Grooming #3,"Park Avenue Signature Collection Premium Body Spray for Men, 2 Voyage & 1 Neo FREE, Fresh Long Lasting Fragrance ",https://m.media-amazon.com/images/I/81thnD6HwDL._AC_UL320_.jpg,480
6,Bedroom Linen #1,Amazon Brand - Solimo Diamond Dreams 144 TC 100% Cotton Double Bedsheet with 2 Complimentary Pillow Covers - Brown,https://m.media-amazon.com/images/W/IMAGERENDERING_521856-T2/images/I/A1Y4w1y+wtL._AC_UL320_.jpg,1400
6,Bedroom Linen #2,Story@Home 100% Cotton Elegant Design Queen Size Flat Sheets 1 Bedsheet with 2 Pillow Covers - ,https://m.media-amazon.com/images/W/IMAGERENDERING_521856-T2/images/I/81HWWBhtNOL._AC_UL320_.jpg,1799
6,Bedroom Linen #3,NISHOMES Velvet Unicorn Design Printed Kids Cartoon Pillow Fiber Filled Size 12x18 Inches ,https://m.media-amazon.com/images/W/IMAGERENDERING_521856-T2/images/I/61dSaqFoa2L._AC_UL320_.jpg,599
3,Camera Accessories #1,"SanDisk Ultra® microSDXC™ UHS-I Card, 64GB, 140MB/s R, 10 Y Warranty, for Smartphones",https://m.media-amazon.com/images/I/7180ZAZmERL._AC_UL320_.jpg,1000
3,Camera Accessories #2,Samsung EVO Plus 128GB microSDXC UHS-I U3 130MB/s Full HD & 4K UHD Memory Card with Adapter ,https://m.media-amazon.com/images/I/61fkOHNmzpL._AC_UL320_.jpg,2699
3,Camera Accessories #3,"SanDisk Ultra® microSDXC™ UHS-I Card, 128GB, 140MB/s R, 10 Y Warranty, for Smartphones",https://m.media-amazon.com/images/I/71jsEFJtRRL._AC_UL320_.jpg,1800
3,Cameras #1,"SanDisk Ultra® microSDXC™ UHS-I Card, 64GB, 140MB/s R, 10 Y Warranty, for Smartphones",https://m.media-amazon.com/images/I/7180ZAZmERL._AC_UL320_.jpg,1000
3,Cameras #2,Samsung EVO Plus 128GB microSDXC UHS-I U3 130MB/s Full HD & 4K UHD Memory Card with Adapter ,https://m.media-amazon.com/images/I/61fkOHNmzpL._AC_UL320_.jpg,2699
3,Cameras #3,"SanDisk Ultra® microSDXC™ UHS-I Card, 128GB, 140MB/s R, 10 Y Warranty, for Smartphones",https://m.media-amazon.com/images/I/71jsEFJtRRL._AC_UL320_.jpg,1800
4,Camping & Hiking #1,Homecute Foldable Portable Pop up Cloth Changing Tent or Toilet Tent for Camping Hiking and Picnic ,https://m.media-amazon.com/images/W/IMAGERENDERING_521856-T2/images/I/91+p733egDL._AC_UL320_.jpg,2999
4,Camping & Hiking #2,Futurekart Portable Collapsible Water Storage Tank Water Container Water Carrier Lifting Bag Camping Hiking Survival Kit T,https://m.media-amazon.com/images/W/IMAGERENDERING_521856-T2/images/I/51Ekdm2DuRS._AC_UL320_.jpg,1599
4,Camping & Hiking #3,"High Strength Elastic Nylon and Polyester Bungee/Shock Cord Cables, Luggage Tying Rope with Hooks ",https://m.media-amazon.com/images/W/IMAGERENDERING_521856-T2/images/I/71XEo8fnijL._AC_UL320_.jpg,599
2,Car & Bike Care #1,Clean Cham® Liquid Absorbing Chamois Cloth for Car Cleaning Microfiber Cloth Small 1 Piece 43 CM x 32 CM,https://m.media-amazon.com/images/I/51QpBpTTBQL._AC_UL320_.jpg,350
2,Car & Bike Care #2,KHADIJA 1200W 7 Inch Electric Car Polisher Machine 6 Months Warranty Combo With Backup Pad And Wool Buffing Pad Double Ins,https://m.media-amazon.com/images/I/71zP3rSXR0L._AC_UL320_.jpg,7999
2,Car & Bike Care #3,VMTC Tap Connector Set ,https://m.media-amazon.com/images/I/71niDOUbw8L._AC_UL320_.jpg,999
2,Car Accessories #1,JVCV® Carbon Fiber Pattern Key Cover Compatible for Kia Seltos Sonet Carens Push Button Start Car Key ,https://m.media-amazon.com/images/I/61bWdTnYFuL._AC_UL320_.jpg,599
2,Car Accessories #2,Amazon Brand - Solimo Anti Skid Grass Car Mat - Grass mat ,https://m.media-amazon.com/images/I/A16mnaaBuML._AC_UL320_.jpg,2990
2,Car Accessories #3,Autofact Car Body Cover for Maruti Baleno ,https://m.media-amazon.com/images/I/710sas0zwbL._AC_UL320_.jpg,1999
2,Car Electronics #1,Electronic Spices 2.75 Inch 4ω ,https://m.media-amazon.com/images/I/61G5k3T0ffL._AC_UL320_.jpg,199
2,Car Electronics #2,"ZQWINT Bluetooth Car Adapter, Mini USB Bluetooth 5.0 Transmitter Receiver Wireless 3.5mm Aux Jack Adapter Hands-Free Car K",https://m.media-amazon.com/images/I/51NLOKwNsLS._AC_UL320_.jpg,999
2,Car Electronics #3,PROTECTRON 6.35X32mm GLASS FUSE/INVERTER FUSE - 1A ,https://m.media-amazon.com/images/I/71St2ruv+NL._AC_UL320_.jpg,105
2,Car Parts #1,INNOVQARAJ Bike Ind Number Plate with Standard Size Frame,https://m.media-amazon.com/images/I/81Q7MqWfNML._AC_UL320_.jpg,1200
2,Car Parts #2,Lukzer 2PC Car Back Pain Relief Lower Back Support for Chair Orthopedic Sciatica Pain Relief Lumbar Back Rest/Men Women Ve,https://m.media-amazon.com/images/I/8176B7ainaL._AC_UL320_.jpg,699
2,Car Parts #3,MANKY Car USB Atmosphere Ambient Star Light car interior lights LED decorative armrest box car roof full star projection l,https://m.media-amazon.com/images/I/71pCHMvbPYL._AC_UL320_.jpg,300
4,Cardio Equipment #1,"AGARO Spark Motorized 1.5 Hp Folding Treadmill with 100 Kgs Max User Weight, 12 Automatic Workout Programs with Built-in S",https://m.media-amazon.com/images/I/81yOBp29AhL._AC_UL320_.jpg,40990
4,Cardio Equipment #2,Voroly Portable Under Desk Bike Pedal Exerciser Cycle for Adults & Seniors Physical Therapy Workout Equipment ,https://m.media-amazon.com/images/I/51glnFTMYOL._AC_UL320_.jpg,2999
4,Cardio Equipment #3,Dolphy Rowing Machine Indoor Rower Exercise Machine with 12 Gear Adjustable Resistance | Digital Monitor for Home Gyms Fit,https://m.media-amazon.com/images/I/61nOcICjUnL._AC_UL320_.jpg,19999
15,Casual Shoes #1,Sparx mens Sd9039g Sneakers,https://m.media-amazon.com/images/I/51e48JV2GfL._AC_UL320_.jpg,999
15,Casual Shoes #2,Sparx Mens Sm-439 Sneaker,https://m.media-amazon.com/images/I/71gVtJPjZZL._AC_UL320_.jpg,699
15,Casual Shoes #3,crocs Unisex Adult Slate Grey/Lime Punch Bayaband Clog 205089-0GX M8W10,https://m.media-amazon.com/images/I/810I1APNbmL._AC_UL320_.jpg,4495
16,Clothing #1,"dclub Nipple Covers Reusable Comfortable & Natural Invisible Adhesive Silicone Pasties for Women, Round ",https://m.media-amazon.com/images/W/IMAGERENDERING_521856-T1/images/I/51M087p7ktL._AC_UL320_.jpg,1200
16,Clothing #2,"YIFELY double sided tape for clothes tape for clothes Double Sided Tape for Fashion, Clothing and Body ",https://m.media-amazon.com/images/W/IMAGERENDERING_521856-T1/images/I/51J8Ph-rUVL._AC_UL320_.jpg,449
16,Clothing #3,Jockey Women's Bikini,https://m.media-amazon.com/images/W/IMAGERENDERING_521856-T1/images/I/81hWgsH56wL._AC_UL320_.jpg,498
5,"Coffee, Tea & Beverages #1","TE-A-ME Purify Green Tea, 100 Tea Bags | Green tea bags 100 pcs | Green Tea | Green Tea 100 Tea Bag Pack",https://m.media-amazon.com/images/I/71fNICQ+fJL._AC_UL320_.jpg,325
5,"Coffee, Tea & Beverages #2",Bevzilla 200 Gram 100% Arabica Instant Classic Strong Coffee Powder | Premium Coffee| Strong Coffee| Classic Coffee| Espre,https://m.media-amazon.com/images/I/71xwcJP81WL._AC_UL320_.jpg,799
5,"Coffee, Tea & Beverages #3",Tata Tea Premium | Desh Ki Chai | Unique Blend Crafted For Chai Lovers Across India | Black Tea | 500g,https://m.media-amazon.com/images/I/61z40Qqq-eL._AC_UL320_.jpg,255
4,Cricket #1,"Tusker Cricket Bat Toe Protector, Self Adhesive Sheet, Transparent",https://m.media-amazon.com/images/W/IMAGERENDERING_521856-T1/images/I/81tyO0mXpmL._AC_UL320_.jpg,399
4,Cricket #2,"Amazon Brand - Symactive Heavy Tennis Cricket Ball, Set of 6 ",https://m.media-amazon.com/images/W/IMAGERENDERING_521856-T1/images/I/71M0mbQDUJL._AC_UL320_.jpg,579
4,Cricket #3,Lycan Safety Anti Crack Water Proof Cricket Bat Face Protection Fiber Tape Roll 34 mm,https://m.media-amazon.com/images/W/IMAGERENDERING_521856-T1/images/I/61mZy1nOYqL._AC_UL320_.jpg,449
4,Cycling #1,"QUXIS Portable High Pressure Foot Air Pump Heavy Compressor Cylinder with Pressure Gauge Floor Pump for Motorbike, for Car",https://m.media-amazon.com/images/W/IMAGERENDERING_521856-T1/images/I/61sHYhGL3pL._AC_UL320_.jpg,1299
4,Cycling #2,"Boldfit Gym Shaker for Protein Shake Leakproof Shaker Bottles for Protein, Preworkout and Bcaa Shake, Protein Shaker Bottl",https://m.media-amazon.com/images/W/IMAGERENDERING_521856-T1/images/I/51NKPZx0a6L._AC_UL320_.jpg,229
4,Cycling #3,Techista 2-in-1 Rechargeable - Cycle Light ,https://m.media-amazon.com/images/W/IMAGERENDERING_521856-T1/images/I/61AkAm4EAML._AC_UL320_.jpg,999
9,Diapers #1,"Himalaya Total Care Baby Pants Diapers, Small, 80 Count, Upto 4-8 kg, White, S",https://m.media-amazon.com/images/I/810VDt-vR+L._AC_UL320_.jpg,1120
9,Diapers #2,"Little's Baby Pants Diapers,Small ",https://m.media-amazon.com/images/I/715e4ZYF7jL._AC_UL320_.jpg,399
9,Diapers #3,"Little's Comfy Baby Pants - Premium, 12 Hours Absorption, Wetness Indicator, Cotton Soft, Large,White, 62 Count",https://m.media-amazon.com/images/I/81Z+SsmZNuL._AC_UL320_.jpg,999
14,Diet & Nutrition #1,MuscleBlaze Beginner's Whey Protein ,https://m.media-amazon.com/images/I/61kakn7F+rL._AC_UL320_.jpg,1749
14,Diet & Nutrition #2,Endura Mass Weight Gainer - 500 g ,https://m.media-amazon.com/images/I/81hcIJfQLTL._AC_UL320_.jpg,625
14,Diet & Nutrition #3,"Neuherbs Skin Collagen, 210g | Collagen Supplement for Women and Men with Biotin, Vitamin C, E, Antioxidant blend ,For Glo",https://m.media-amazon.com/images/I/713Cwx85MbL._AC_UL320_.jpg,999
7,Dog supplies #1,"Dog Shampoo & Puppy Shampoo - Naturally Organic Dog Shampoo for Smelly Dogs Grooming Products for Dogs, Deshedding Shampoo",https://m.media-amazon.com/images/I/615jTsuszSL._AC_UL320_.jpg,598
7,Dog supplies #2,QIQI® Dog Bath Brush Body Scrubber Shampoo Dispenser Tick Remover for Shower Bathing and Shedding Soft Silicone Bristles B,https://m.media-amazon.com/images/I/41pnFuyp-JL._AC_UL320_.jpg,599
7,Dog supplies #3,"Foodie Puppies Anti-Bacterial Pet Wet Wipes for Dogs, Puppies, & Pets with Fresh Apple Scent 6""x 8"" - Pack of 100 Wipes |",https://m.media-amazon.com/images/I/716WunDd3pL._AC_UL320_.jpg,998
16,Ethnic Wear #1,ANNI DESIGNER Women's Cotton Blend Printed Straight Kurta with Pant ,https://m.media-amazon.com/images/I/61q-JREtrAL._AC_UL320_.jpg,2599
16,Ethnic Wear #2,Vaamsi Women's Cotton Blend Printed Kurta Set with Dupatta ,https://m.media-amazon.com/images/I/81rTa+xpERL._AC_UL320_.jpg,4247
16,Ethnic Wear #3,SIRIL Women's Printed Poly Silk Saree with Blouse,https://m.media-amazon.com/images/I/71AYPbuBrhL._AC_UL320_.jpg,1381
12,Fashion & Silver Jewellery #1,Bangalore Refinery 999 Purity Silver Bar 1 Kg,https://m.media-amazon.com/images/W/IMAGERENDERING_521856-T2/images/I/71uzgqbJxLL._AC_UL320_.jpg,78000
12,Fashion & Silver Jewellery #2,Fashion Frill Men's Jewellery 3D Cuboid Vertical Bar/Stick Stainless Steel Black Silver Locket Pendant Necklace Chain For ,https://m.media-amazon.com/images/W/IMAGERENDERING_521856-T2/images/I/51P-ohUTdgL._AC_UL320_.jpg,999
12,Fashion & Silver Jewellery #3,Bangalore Refinery 999 Purity Silver Bar 500 Gram,https://m.media-amazon.com/images/W/IMAGERENDERING_521856-T2/images/I/71M5FDd6giL._AC_UL320_.jpg,41000
8,Fashion Sales & Deals #1,Lychee bags Canvas Katie Sling for Girls ,https://m.media-amazon.com/images/I/91rjlJKX+pL._AC_UL320_.jpg,1199
8,Fashion Sales & Deals #2,Redlicchi Women's PU Casual Purse Fashion School Leather Backpack Shoulder Bag Mini Backpack for Women & Girls,https://m.media-amazon.com/images/I/61A7ASO2KBL._AC_UL320_.jpg,999
8,Fashion Sales & Deals #3,Vivinkaa Star Red Canvas Sling Bag for Women,https://m.media-amazon.com/images/I/71RWb7VerZL._AC_UL320_.jpg,899
13,Fashion Sandals #1,Puma Women's Glam WNS Sport Sandal,https://m.media-amazon.com/images/I/51cVFnTFCSL._AC_UL320_.jpg,2999
13,Fashion Sandals #2,Luxyfeel Fashion Sandal for Girls and Women | Flat Sandal for women & Girls | Stylish Sandal for Women & Girls,https://m.media-amazon.com/images/I/51IBSgyvAKL._AC_UL320_.jpg,1499
13,Fashion Sandals #3,STRASSE PARIS Amazing Design Women's & Girls Transparent Block Heels Sandal Stylish and Fashionable| Stylish Latest & Tren,https://m.media-amazon.com/images/I/616TZINkHaL._AC_UL320_.jpg,1899
4,Fitness Accessories #1,"EasyHealth Professional Grade 22"" Wrist Supporter for Gym, Wrist Band for Gym Men and Women, Wrist Wrap/Straps Gym Accesso",https://m.media-amazon.com/images/W/IMAGERENDERING_521856-T1/images/I/81jwPup+8+L._AC_UL320_.jpg,499
4,Fitness Accessories #2,"ALN Sweat Slim Belt Free Size Fat Burning Sauna Hot Neoprene Material Shaper Waist Trimmer Weight Loss, Lower Back Posture",https://m.media-amazon.com/images/W/IMAGERENDERING_521856-T1/images/I/71W-l987ngL._AC_UL320_.jpg,1899
4,Fitness Accessories #3,"Amazon Brand - Symactive Badminton Kit with 2 Racquets for Intermediate Players and Feather Shuttles, S333",https://m.media-amazon.com/images/W/IMAGERENDERING_521856-T1/images/I/81xrhOHl+sS._AC_UL320_.jpg,1179
4,Football #1,Puma Unisex-Child Tacto Ii Fg/Ag Junior Football Shoe,https://m.media-amazon.com/images/I/51SgGEKmqxL._AC_UL320_.jpg,2999
4,Football #2,Shrishti Creations Women's Ankle Length Velvet Socks,https://m.media-amazon.com/images/I/41SfdngTkFL._AC_UL320_.jpg,999
4,Football #3,PLUMBURY Women's No-show Net Socks ,https://m.media-amazon.com/images/I/41nv2qt+vHL._AC_UL320_.jpg,799
15,Formal Shoes #1,BATA Mens Boss-Grip Uniform Dress Shoe,https://m.media-amazon.com/images/W/IMAGERENDERING_521856-T2/images/I/71rYxtbE8SS._AC_UL320_.jpg,999
15,Formal Shoes #2,BATA Mens Boss-ace Uniform Dress Shoe,https://m.media-amazon.com/images/W/IMAGERENDERING_521856-T2/images/I/7156HUlSOmL._AC_UL320_.jpg,999
15,Formal Shoes #3,Power Mens Extreme Leather Sneaker,https://m.media-amazon.com/images/W/IMAGERENDERING_521856-T2/images/I/816Q2aXDy2L._AC_UL320_.jpg,1699
6,Furniture #1,iSTAR Stainless Steel 304 Grade Foldable Towel Hanger for Bathroom/Towel Rod/Bar/Bathroom Accessories,https://m.media-amazon.com/images/W/IMAGERENDERING_521856-T2/images/I/615uxWLcWjL._AC_UL320_.jpg,1499
6,Furniture #2,Lukzer Engineered Wood Computer Desk with One Tier Shelves Laptop Study Table for Office Home Workstation Writing Modern D,https://m.media-amazon.com/images/W/IMAGERENDERING_521856-T2/images/I/61959chemPL._AC_UL320_.jpg,4990
6,Furniture #3,Tiipro Prayer Mat ,https://m.media-amazon.com/images/W/IMAGERENDERING_521856-T2/images/I/61SEO-TT07L._AC_UL320_.jpg,349
6,Garden & Outdoors #1,IMPOWER Self Defence Pepper Spray for Woman Safety - 55 ML ,https://m.media-amazon.com/images/W/IMAGERENDERING_521856-T1/images/I/61vYHhnKALL._AC_UL320_.jpg,700
6,Garden & Outdoors #2,FESTEL Skytuch Shock Proof Multipurpose 8-to-24 Foot Extendable Telescopic Pole with ,https://m.media-amazon.com/images/W/IMAGERENDERING_521856-T1/images/I/61gqXkRRz6L._AC_UL320_.jpg,5000
6,Garden & Outdoors #3,"Yellow Weaves Canvas Cloth Insulated Travel Lunch/Tiffin/Storage Bag for Office, College & School ",https://m.media-amazon.com/images/W/IMAGERENDERING_521856-T1/images/I/91ECJPr9PPS._AC_UL320_.jpg,448
12,Gold & Diamond Jewellery #1,Bangalore Refinery 24k ,https://m.media-amazon.com/images/I/61klNXLzIRL._AC_UL320_.jpg,72800
12,Gold & Diamond Jewellery #2,Bangalore Refinery 24k ,https://m.media-amazon.com/images/I/61aRW4bh6UL._AC_UL320_.jpg,13200
12,Gold & Diamond Jewellery #3,Malabar Gold & Diamonds 24k ,https://m.media-amazon.com/images/I/61VQiqakxYL._AC_UL320_.jpg,7000
12,Handbags & Clutches #1,INOVERA ,https://m.media-amazon.com/images/W/IMAGERENDERING_521856-T2/images/I/71Raw8VUk5L._AC_UL320_.jpg,1999
12,Handbags & Clutches #2,DEIN KLEIDER Men's Nylon Messenger Bag,https://m.media-amazon.com/images/W/IMAGERENDERING_521856-T2/images/I/81wnCexA4tL._AC_UL320_.jpg,1199
12,Handbags & Clutches #3,ALIZA Women's Tote Bag,https://m.media-amazon.com/images/W/IMAGERENDERING_521856-T2/images/I/815ZbFl1sdL._AC_UL320_.jpg,1490
3,Headphones #1,"OnePlus Bullets Z2 Bluetooth Wireless in Ear Earphones with Mic, Bombastic Bass - 12.4 Mm Drivers, 10 Mins Charge - 20 Hrs",https://m.media-amazon.com/images/I/51UhwaQXCpL._AC_UL320_.jpg,2299
3,Headphones #2,"boAt Airdopes 141 Bluetooth Truly Wireless in Ear Earbuds with mic, 42H Playtime, Beast Mode",https://m.media-amazon.com/images/I/51HBom8xz7L._AC_UL320_.jpg,3995
3,Headphones #3,"boAt Airdopes Atom 81 True Wireless in Ear Earbuds with Upto 50H Playtime, Quad Mics ENx Tech, 13MM Drivers, Beast Mode",https://m.media-amazon.com/images/I/51NKpc-CnBL._AC_UL320_.jpg,4490
14,Health & Personal Care #1,"Cetaphil Oily Skin Cleanser , Daily Face Wash for Oily, Acne prone Skin , Gentle Foaming, 125ml",https://m.media-amazon.com/images/I/718NOimjcaL._AC_UL320_.jpg,545
14,Health & Personal Care #2,"Kitchengenix's washing machine cleaning tablet, Descaling Powder Tablets, washing machine deep cleaner, Deep Cleaner Table",https://m.media-amazon.com/images/I/71yauf-NbdL._AC_UL320_.jpg,999
14,Health & Personal Care #3,"Urbangabru Hair Removal cream Spray | Painless Body Hair Removal spray For Chest, Back, Legs & Under Arms ",https://m.media-amazon.com/images/I/71hvuVj6GML._AC_UL320_.jpg,750
1,Heating & Cooling Appliances #1,Bajaj Frore 1200 mm Ceiling Fan ,https://m.media-amazon.com/images/I/41XJ2wk4M1L._AC_UL320_.jpg,2660
1,Heating & Cooling Appliances #2,Bajaj PX 97 Torque New 36L Personal Air Cooler for home with DuraMarine Pump ,https://m.media-amazon.com/images/I/71mdr95IHcL._AC_UL320_.jpg,9050
1,Heating & Cooling Appliances #3,"BAJAJ PYGMY MINI 110 MM 10 W HIGH SPEED OPERATION, USB CHARGING, MULTI-CLIP FUNCTION PERSONAL FAN",https://m.media-amazon.com/images/I/816lZp-8R2L._AC_UL320_.jpg,1620
3,Home Audio & Theater #1,AmazonBasics 80cms ,https://m.media-amazon.com/images/W/IMAGERENDERING_521856-T2/images/I/71LRvkP8DKL._AC_UL320_.jpg,26999
3,Home Audio & Theater #2,"KRISONS Thunder Speaker, Multimedia Home Theatre, Floor Standing Speaker, LED Display with Bluetooth, FM, USB, Micro SD Ca",https://m.media-amazon.com/images/W/IMAGERENDERING_521856-T2/images/I/71-hnR2oACL._AC_UL320_.jpg,3999
3,Home Audio & Theater #3,"OBAGE DT-31 100 Watts Dual Tower Home Theatre System with Optical in, Bluetooth 5.0,USB,FM,AUX",https://m.media-amazon.com/images/W/IMAGERENDERING_521856-T2/images/I/81lio7yDYvL._AC_UL320_.jpg,10000
6,Home Décor #1,RAG28 Wooden Wall Decor Set of 11 ,https://m.media-amazon.com/images/I/81GQfgl4cnL._AC_UL320_.jpg,799
6,Home Décor #2,"ArtX Paper Motivational Wall Frames, Inspirational Quotes Wall Frames For Home Office Study Room Decor, Multicolor Posters",https://m.media-amazon.com/images/I/61VDPBbPgHL._AC_UL320_.jpg,1399
6,Home Décor #3,Mahogany Life Vintage Glass Hanging Photo Frame For Wall Decor ,https://m.media-amazon.com/images/I/81dRciG8gBL._AC_UL320_.jpg,901
3,Home Entertainment Systems #1,"boAt Type C A325 Tangle-free, Sturdy Type C Cable with 3A Rapid Charging & 480mbps Data Transmission",https://m.media-amazon.com/images/I/71eVAHH3tsL._AC_UL320_.jpg,499
3,Home Entertainment Systems #2,Echo Dot ,https://m.media-amazon.com/images/I/61EXU8BuGZL._AC_UL320_.jpg,4499
3,Home Entertainment Systems #3,"Portronics Konnect L 1.2M Fast Charging 3A 8 Pin USB Cable with Charge & Sync Function for iPhone, iPad ",https://m.media-amazon.com/images/I/51Sk5hmB7nL._AC_UL320_.jpg,399
6,Home Furnishing #1,BSB HOME Premium Cotton Elastic Fitted Bedsheets with 2 King Size Pillow Covers | Double Bed with All Around Elastic 180 T,https://m.media-amazon.com/images/W/IMAGERENDERING_521856-T1/images/I/81qXeuyBqOS._AC_UL320_.jpg,1999
6,Home Furnishing #2,UrbanLeaf Super Soft Microfiber Designer Hand Towels ,https://m.media-amazon.com/images/W/IMAGERENDERING_521856-T1/images/I/81UF3ejEwuS._AC_UL320_.jpg,699
6,Home Furnishing #3,HSR Collection Microfiber Wash Basin Hanging Hand Kitchen Towel Napkin with Ties ,https://m.media-amazon.com/images/W/IMAGERENDERING_521856-T1/images/I/61mQ1+ZrkDS._AC_UL320_.jpg,499
6,Home Improvement #1,"Spotzero by Milton Prime Spin Mop with Big Wheels and Stainless Steel Wringer, Bucket Floor Cleaning and Mopping System,2 ",https://m.media-amazon.com/images/I/71UpuxQrSlL._AC_UL320_.jpg,2599
6,Home Improvement #2,Scotch-Brite 2-in-1 Bucket Spin Mop ,https://m.media-amazon.com/images/I/613iaMC20FL._AC_UL320_.jpg,1500
6,Home Improvement #3,"Scotch-Brite Rubber Heavy Duty Hand gloves for Dishwashing, gardening, kitchen cleaning ",https://m.media-amazon.com/images/I/61JDg6pGGJL._AC_UL320_.jpg,170
6,Home Storage #1,Kurtzy Vacuum Bags for Clothes with Pump - ,https://m.media-amazon.com/images/I/81UVBWMk7VL._AC_UL320_.jpg,1399
6,Home Storage #2,MBW Drawer Organizer Wardrobe Clothes Storage 7 Grids Storage Organizer Multipurpose Large Capacity Compartment Storage Bo,https://m.media-amazon.com/images/I/71Ud8Wl2QAL._AC_UL320_.jpg,1299
6,Home Storage #3,Bel Casa Royal Basket Large Pack of 3 With 3 Lids Multipurpose Plastic Storage Baskets - Dark Brown,https://m.media-amazon.com/images/I/71SELzW89EL._AC_UL320_.jpg,1499
14,Household Supplies #1,"Nimeasy Dishwash Liquid Gel 1 L, Kitchen Utensil Cleaner, Lift Off Action with Enzyme Technology, Removes grease & oil, Wa",https://m.media-amazon.com/images/I/61wOhjHP5vL._AC_UL320_.jpg,220
14,Household Supplies #2,Surf Excel Matic Liquid Detergent Front Load 2+2 ltr Carton,https://m.media-amazon.com/images/I/61AiS8w7A0S._AC_UL320_.jpg,830
14,Household Supplies #3,Tide Matic 4in1 PODs Detergent Pack 32 ct -for Top & Front load washing machine only,https://m.media-amazon.com/images/I/61uYsd745GL._AC_UL320_.jpg,825
6,Indoor Lighting #1,"wipro 15W B22D LED Cool Day Light Bulb, Pack of 2 ",https://m.media-amazon.com/images/I/61sxaKt9ecL._AC_UL320_.jpg,850
6,Indoor Lighting #2,Magicwand Round Moon Shaped Light Aluminium Alloy Torch with Convex CREE Led,https://m.media-amazon.com/images/I/61Z7dG5v1KL._AC_UL320_.jpg,999
6,Indoor Lighting #3,HOME CUBE Smart Control Sensor Led Night Light Bedroom Lamp With Dual Usb Phone Charging Switch Socket ,https://m.media-amazon.com/images/I/61e6KayvjfL._AC_UL320_.jpg,999
17,Industrial & Scientific Supplies #1,Kitchen Need - Washable and Reusable - ,https://m.media-amazon.com/images/I/51FNNDn-FGL._AC_UL320_.jpg,299
17,Industrial & Scientific Supplies #2,Selpak Imported Paper Towel Kitchen Roll 3ply - 6 Rolls,https://m.media-amazon.com/images/I/715s4f6ET1S._AC_UL320_.jpg,810
17,Industrial & Scientific Supplies #3,"POSH Male to Male VGA Cable 1.5 Meter, Support PC/Monitor/LCD/LED, Plasma, Projector, TFT. VGA to VGA Converter Adapter Cable",https://m.media-amazon.com/images/I/41GWPiBQXmL._AC_UL320_.jpg,999
18,Innerwear #1,Jockey 8820 Men's Super Combed Cotton Round Neck Sleeveless Vest with Extended Length for Easy Tuck ,https://m.media-amazon.com/images/W/IMAGERENDERING_521856-T2/images/I/81MfjxIbRsL._AC_UL320_.jpg,657
18,Innerwear #2,Rupa Jon Men's Cotton Vest ,https://m.media-amazon.com/images/W/IMAGERENDERING_521856-T2/images/I/71Y+PvZTDxS._AC_UL320_.jpg,400
18,Innerwear #3,Jockey Men's Cotton Brief,https://m.media-amazon.com/images/W/IMAGERENDERING_521856-T2/images/I/71HYj5w7cgL._AC_UL320_.jpg,199
9,International Toy Store #1,"Ravensburger 3D Puzzles Big Ben Night Edition, Multi Color ",https://m.media-amazon.com/images/W/IMAGERENDERING_521856-T1/images/I/61r8g1fjWTL._AC_UL320_.jpg,6752
9,International Toy Store #2,Ravensburger San Juan Bopard Game,https://m.media-amazon.com/images/W/IMAGERENDERING_521856-T1/images/I/919y3BMLMTL._AC_UL320_.jpg,11600
9,International Toy Store #3,"WWE Elite Figure 1 Daniel Bryan, Black",https://m.media-amazon.com/images/W/IMAGERENDERING_521856-T1/images/I/51mzscgXXLL._AC_UL320_.jpg,11823
17,Janitorial & Sanitation Supplies #1,Signoraware Stainless Steel Scrubber ,https://m.media-amazon.com/images/W/IMAGERENDERING_521856-T1/images/I/71lrmV7fdCL._AC_UL320_.jpg,54
17,Janitorial & Sanitation Supplies #2,"OCTOLYTFoldable Microfiber Fan Cleaning Duster Steel Body Flexible Fan mop for Quick and Easy Cleaning of Home, Kitchen, C",https://m.media-amazon.com/images/W/IMAGERENDERING_521856-T1/images/I/61hobXJbFUL._AC_UL320_.jpg,999
17,Janitorial & Sanitation Supplies #3,"BELOXY Long Bottle Cleaning Brush for Washing Water Bottle, Narrow Neck Containers, Hydro Flask, Vacuum Sports Bottle, Vas",https://m.media-amazon.com/images/W/IMAGERENDERING_521856-T1/images/I/419gL7ontvL._AC_UL320_.jpg,499
18,Jeans #1,Levi's Men's 511 Styled Slim Fit Jeans,https://m.media-amazon.com/images/I/61squlDBu2L._AC_UL320_.jpg,2899
18,Jeans #2,Urbano Fashion Men's Slim Fit Washed Jeans Stretchable,https://m.media-amazon.com/images/I/61EJxytnV5L._AC_UL320_.jpg,1199
18,Jeans #3,Ben Martin Men's Relaxed Fit Jeans,https://m.media-amazon.com/images/I/616xchp1ECL._AC_UL320_.jpg,2499
12,Jewellery #1,Bangalore Refinery 24k ,https://m.media-amazon.com/images/W/IMAGERENDERING_521856-T2/images/I/61klNXLzIRL._AC_UL320_.jpg,72800
12,Jewellery #2,Bangalore Refinery 24k ,https://m.media-amazon.com/images/W/IMAGERENDERING_521856-T2/images/I/61aRW4bh6UL._AC_UL320_.jpg,13200
12,Jewellery #3,Bangalore Refinery 999 Purity Silver Bar 1 Kg,https://m.media-amazon.com/images/W/IMAGERENDERING_521856-T2/images/I/71uzgqbJxLL._AC_UL320_.jpg,78000
10,Kids' Clothing #1,Stysol Gradient Aviator Sunglasses & Stylish Leather Watches for Boys Combo BT-CMB-101,https://m.media-amazon.com/images/I/61wOzZWrK-L._AC_UL320_.jpg,1450
10,Kids' Clothing #2,Cloth Theory Boys Shorts,https://m.media-amazon.com/images/I/91c+moGXKnL._AC_UL320_.jpg,1099
10,Kids' Clothing #3,NIVIA Encounter Stockings-Large,https://m.media-amazon.com/images/I/61v7q9uBOGL._AC_UL320_.jpg,105
10,Kids' Fashion #1,Campus Kids BINGO-151V Black School Shoes,https://m.media-amazon.com/images/W/IMAGERENDERING_521856-T2/images/I/717sLafAVAL._AC_UL320_.jpg,499
10,Kids' Fashion #2,IndiWeaves� Girls Cotton Printed Regular Fit Capri 3/4th Pants ,https://m.media-amazon.com/images/W/IMAGERENDERING_521856-T2/images/I/51K78CUDHIL._AC_UL320_.jpg,1044
10,Kids' Fashion #3,"SKMEI Kids Sports Digital Watch, Multi Function Digital Kids Watches Waterproof LED Light Wristwatches for Boys Girls - 1451",https://m.media-amazon.com/images/W/IMAGERENDERING_521856-T2/images/I/51WSLPj5gnL._AC_UL320_.jpg,1875
10,Kids' Shoes #1,BATA Boys Scott Oxford,https://m.media-amazon.com/images/I/617H0a4p1EL._AC_UL320_.jpg,1299
10,Kids' Shoes #2,Mag Creations Kids Flip Flop Slipper for Girls and Boys,https://m.media-amazon.com/images/I/41sD7ZGEsGS._AC_UL320_.jpg,450
10,Kids' Shoes #3,Marvel Boy's Mapbss2124 Sandals,https://m.media-amazon.com/images/I/71T+vwBuwmL._AC_UL320_.jpg,999
10,Kids' Watches #1,AONES Pack of 2 Silicone Watch Strap Compatible for Garmin Venu Sq Music Smart Watch Band Black,https://m.media-amazon.com/images/I/51L5DxKknLL._AC_UL320_.jpg,990
10,Kids' Watches #2,Shark Stone Kids Silicone LED Wrist Smart Watch | Kids Waterproof Digital Dial Colorful Cartoon Character Watch for Boys a,https://m.media-amazon.com/images/I/71ArwDZ+GAL._AC_UL320_.jpg,699
10,Kids' Watches #3,"DRITON Digital 24 Images Ben 10 Projector Watch for Kids Boys Watch & Girls Watch, Diwali Gift, Birthday Return Gift ",https://m.media-amazon.com/images/I/61Asicj8wOS._AC_UL320_.jpg,999
6,Kitchen & Dining #1,Kitchwell Kitchen Accessories Items | 1100 ML Square Airtight Storage Jar and Container organizer | kitchen containers set,https://m.media-amazon.com/images/I/81Jf-Gz8hOL._AC_UL320_.jpg,1899
6,Kitchen & Dining #2,"Bulfyss Multipurpose 45cm x 5m Super Strong EVA Anti-Slip Bathroom Kitchen Cabinet Drawer Shelf Mat Liner Sheets Roll, Fri",https://m.media-amazon.com/images/I/61iCTMUVtES._AC_UL320_.jpg,999
6,Kitchen & Dining #3,Pigeon By Stovekraft All in One Super Cooker Aluminium with Outer Lid Induction and Gas Stove Compatible 5 Litre Capacity ,https://m.media-amazon.com/images/I/51OhGq1Y8TL._AC_UL320_.jpg,3995
1,Kitchen & Home Appliances #1,Pigeon by Stovekraft Amaze Plus Electric Kettle ,https://m.media-amazon.com/images/I/51DGcy8eBCL._AC_UL320_.jpg,1245
1,Kitchen & Home Appliances #2,Glun Multipurpose Portable Electronic Digital Weighing Scale Weight Machine ,https://m.media-amazon.com/images/I/61ocesEh0cL._AC_UL320_.jpg,899
1,Kitchen & Home Appliances #3,beatXP Kitchen Scale Multipurpose Portable Electronic Digital Weighing Scale | Weight Machine With Back light LCD Display,https://m.media-amazon.com/images/I/61Is7sICRJL._AC_UL320_.jpg,1999
6,Kitchen Storage & Containers #1,"MILTON Kool Trendy 500 Plastic Insulated Water Bottle with Straw for Kids, 490 ml, Orange | School Bottle | Picnic Bottle",https://m.media-amazon.com/images/I/61GnCtCqy7L._AC_UL320_.jpg,170
6,Kitchen Storage & Containers #2,KESI ORNAMENTS Sprout Maker with 4 Compartments for Multi Purpose Use - Plastic Grocery Container Sprouted Grains Seeds Da,https://m.media-amazon.com/images/I/51mu+EwfNjL._AC_UL320_.jpg,499
6,Kitchen Storage & Containers #3,"MATIC HOUSEWARE Air Tight Containers For Kitchen Storage Set, Bpa-Free Container For Kitchen Storage Set Pantry Organizati",https://m.media-amazon.com/images/I/91-pXQn3EDL._AC_UL320_.jpg,1999
17,Lab & Scientific #1,"Recombigen White Micro Pipette Tips 10-1000 uL, Pack of 500 pcs",https://m.media-amazon.com/images/I/310PQyzP-KL._AC_UL320_.jpg,899
17,Lab & Scientific #2,BFCLAB AMMONIA SOLUTION LR - 250ml,https://m.media-amazon.com/images/I/71lHhayB8NL._AC_UL320_.jpg,300
17,Lab & Scientific #3,"Labart 0-90% Brix Professional Grade Optical Hand Held Refractometer, Sugar Type for Syrup, Jelly, Jam Low Volume and High",https://m.media-amazon.com/images/I/319rWTDRjhL._AC_UL320_.jpg,13899
16,Lingerie & Nightwear #1,"dclub Nipple Covers Reusable Comfortable & Natural Invisible Adhesive Silicone Pasties for Women, Round ",https://m.media-amazon.com/images/I/51M087p7ktL._AC_UL320_.jpg,1200
16,Lingerie & Nightwear #2,"YIFELY double sided tape for clothes tape for clothes Double Sided Tape for Fashion, Clothing and Body ",https://m.media-amazon.com/images/I/51J8Ph-rUVL._AC_UL320_.jpg,449
16,Lingerie & Nightwear #3,Jockey Women's Bikini,https://m.media-amazon.com/images/I/81hWgsH56wL._AC_UL320_.jpg,498
14,Luxury Beauty #1,"O3+ Eye Circle Cream - Brightening & Whitening for Dark Circles, Finelines and Puffy Bags, 15g",https://m.media-amazon.com/images/I/31cr84-sGkL._AC_UL320_.jpg,445
14,Luxury Beauty #2,Biolage Hydrasource Conditioner | Paraben Free|Intensely Hydrates Dry Hair | For Dry Hair,https://m.media-amazon.com/images/I/71ZPyC85cDL._AC_UL320_.jpg,180
14,Luxury Beauty #3,"Tvaksh Faceguard Silicone Sunscreen Gel SPF30, 30gm",https://m.media-amazon.com/images/I/71fc+oPmz3L._AC_UL320_.jpg,501
14,Make-up #1,"LAKMÉ Face It Compact, Marble, 9 g",https://m.media-amazon.com/images/I/71Cmq6Lu5gL._AC_UL320_.jpg,180
14,Make-up #2,"Colorbar cosmetics Intensely Rich Kajal-Creatively, Black, 0.30 g",https://m.media-amazon.com/images/I/41PxxbxOHZL._AC_UL320_.jpg,170
14,Make-up #3,"Swiss Beauty Bold Matte Lipliner Pencil Set | Long Stay | Smudge Free | Waterproof | Creamy Lip Liner Pencil| Multi Color,",https://m.media-amazon.com/images/I/61CQfI2uF8L._AC_UL320_.jpg,799
8,Men's Fashion #1,Sparx mens Sd9039g Sneakers,https://m.media-amazon.com/images/I/51e48JV2GfL._AC_UL320_.jpg,999
8,Men's Fashion #2,WildHorn Brown RFID Blocking Leather Wallet for Men I Ultra Strong Stitching I 6 Credit Card Slots I 2 Currency Compartmen,https://m.media-amazon.com/images/I/81vMec1lk+L._AC_UL320_.jpg,1499
8,Men's Fashion #3,Casio Vintage Series Digital Grey Dial Men's Watch-A-158WA-1Q,https://m.media-amazon.com/images/I/61ybeKQto8L._AC_UL320_.jpg,1695
2,Motorbike Accessories & Parts #1,"Dark Horse Plastic Bicycle Dual Tone Front & Rear Mudguard, Black-Grey",https://m.media-amazon.com/images/W/IMAGERENDERING_521856-T1/images/I/81tQqauQFHL._AC_UL320_.jpg,899
2,Motorbike Accessories & Parts #2,SHIVEXIM Waterproof Rechargeable USB Charging Cycle Front LED Light Headlight ,https://m.media-amazon.com/images/W/IMAGERENDERING_521856-T1/images/I/619juWOTt4L._AC_UL320_.jpg,999
2,Motorbike Accessories & Parts #3,Probiker Leather Half Finger Motorcycle Gloves ,https://m.media-amazon.com/images/W/IMAGERENDERING_521856-T1/images/I/71m5Xe-4M3L._AC_UL320_.jpg,998
19,Musical Instruments & Professional Audio #1,"Arturia MiniLab 3, 25 Slim-Key USB-C Midi Controller with 5-Year Warranty, 8 Backlit LED Pads, 8 Knobs, 4 Faders, Midi Ou",https://m.media-amazon.com/images/W/IMAGERENDERING_521856-T1/images/I/61EjCG4omGL._AC_UL320_.jpg,11990
19,Musical Instruments & Professional Audio #2,YOUNG ELECTRONICS Wireless Singing Mike Multi-Function Bluetooth Karaoke Mic with Microphone Speaker for All Smart Phones ,https://m.media-amazon.com/images/W/IMAGERENDERING_521856-T1/images/I/31hB4uzZJ6L._AC_UL320_.jpg,999
19,Musical Instruments & Professional Audio #3,AHUJA Wireless Microphone AWM-700U2,https://m.media-amazon.com/images/W/IMAGERENDERING_521856-T1/images/I/314x+VOdsSS._AC_UL320_.jpg,8485
9,Nursing & Feeding #1,DOMENICO Waterproof Colorful Children Bib Cute Cartoon Animals Baby Bibs Full Sleeve Children Apron Long Sleeve Feeding Bibs,https://m.media-amazon.com/images/W/IMAGERENDERING_521856-T1/images/I/61Ne6OM4+4L._AC_UL320_.jpg,499
9,Nursing & Feeding #2,Fisher-Price Baby's Food Mash and Serve Bowl Set ,https://m.media-amazon.com/images/W/IMAGERENDERING_521856-T1/images/I/51xbLqimAvL._AC_UL320_.jpg,315
9,Nursing & Feeding #3,"Chicco Teat Perfect 5 with Anti-Colic Effect, Nipple For Wide Neck Feeding Bottles, Food Flow, For Babies 6m+ ",https://m.media-amazon.com/images/W/IMAGERENDERING_521856-T1/images/I/61NIbwFGfKL._AC_UL320_.jpg,299
14,Personal Care Appliances #1,VGR V-596 Professional Electric Hair Curling Wand | Stylish Hair Styling Professional Hair Curler with 200° C Max Heat Set,https://m.media-amazon.com/images/W/IMAGERENDERING_521856-T2/images/I/41Eh-5g-8jL._AC_UL320_.jpg,1380
14,Personal Care Appliances #2,"MAYCREATE® Beard Pencil Filler for Men Dual Tip 2 in 1 Beard Pencil with Brush for Beard Styling, Sweat Proof Beard Pencil",https://m.media-amazon.com/images/W/IMAGERENDERING_521856-T2/images/I/61bgw+g07EL._AC_UL320_.jpg,899
14,Personal Care Appliances #3,Wahl WPCT6-2224 Curlito Curling Tong ,https://m.media-amazon.com/images/W/IMAGERENDERING_521856-T2/images/I/61WGIICoVGL._AC_UL320_.jpg,4250
1,Refrigerators #1,Samsung 253 L 3 Star with Inverter Double Door Refrigerator ,https://m.media-amazon.com/images/I/61kNDBKxSuL._AC_UL320_.jpg,31990
1,Refrigerators #2,Samsung 183 L 2 Star Inverter Direct-Cool Single Door Refrigerator ,https://m.media-amazon.com/images/I/61peedjlRJL._AC_UL320_.jpg,17999
1,Refrigerators #3,Samsung 183 L 3 Star Inverter Direct-Cool Single Door Refrigerator ,https://m.media-amazon.com/images/I/61TTF88NJUL._AC_UL320_.jpg,18999
20,Refurbished & Open Box #1,,https://m.media-amazon.com/images/I/51RsURC5EuL._AC_UL320_.jpg,1499
20,Refurbished & Open Box #2,,https://m.media-amazon.com/images/I/31Nm+Di1mPL._AC_UL320_.jpg,5590
20,Refurbished & Open Box #3,USHA ,https://m.media-amazon.com/images/I/71klew1PDYL._AC_UL320_.jpg,3685
11,Rucksacks #1,INLANDER 70+5 L Navy Blue Travel Bag for Hiking Trekking Daypack Rucksack with Rain Cover … …,https://m.media-amazon.com/images/I/71y9Yc76YFL._AC_UL320_.jpg,6999
11,Rucksacks #2,2.1 mtr Fishing Rod Set,https://m.media-amazon.com/images/I/41NkjS7qwuS._AC_UL320_.jpg,1450
11,Rucksacks #3,"Deuter Giga, marine-ink, 28 Litre",https://m.media-amazon.com/images/I/910cX44aZVL._AC_UL320_.jpg,7999
4,Running #1,Amazon Brand - Symactive Men's Regular Fit T-Shirt,https://m.media-amazon.com/images/I/7148IlzWBVL._AC_UL320_.jpg,999
4,Running #2,Jockey Mens Slub Casual Track Pant,https://m.media-amazon.com/images/I/61S5skYN95L._AC_UL320_.jpg,1399
4,Running #3,ASIAN Men's Skypee-162 Casual Sneaker Lightweight Lace-up Shoes for Men's & Boy's,https://m.media-amazon.com/images/I/61O41FwCQFL._AC_UL320_.jpg,699
10,School Bags #1,Skybags Brat Black 46 Cms Casual Backpack,https://m.media-amazon.com/images/W/IMAGERENDERING_521856-T2/images/I/810s53kR8tL._AC_UL320_.jpg,2100
10,School Bags #2,American Tourister 32 Ltrs Black Casual Backpack ,https://m.media-amazon.com/images/W/IMAGERENDERING_521856-T2/images/I/81KEKEDFUcL._AC_UL320_.jpg,2300
10,School Bags #3,SAFARI 15 Ltrs Sea Blue Casual/School/College Backpack ,https://m.media-amazon.com/images/W/IMAGERENDERING_521856-T2/images/I/61kmCas5OCL._AC_UL320_.jpg,799
3,Security Cameras #1,MI Xiaomi Wireless Home Security Camera 2i 2022 Edition | Full HD Picture | 360 View | 2MP | AI Powered Motion Detection |,https://m.media-amazon.com/images/I/51hkb1CYemL._AC_UL320_.jpg,4499
3,Security Cameras #2,CP PLUS 2MP Full HD Smart Wi-f CCTV Home Security Camera |360° with Pan Tilt | View & Talk | Motion Alert | Night Vision |,https://m.media-amazon.com/images/I/31Nk80-hUUL._AC_UL320_.jpg,3700
3,Security Cameras #3,CP PLUS 3MP Full HD Smart Wi-fi CCTV Home Security Camera | 360° View | 2 Way Talk | Cloud Monitor | Motion Detect | Night,https://m.media-amazon.com/images/I/31jX+aam1nL._AC_UL320_.jpg,4900
6,Sewing & Craft Supplies #1,"Double sided tape for clothes tape for clothes Double Sided Tape for Fashion, Clothing and Body | All Day Strength Tape Ad",https://m.media-amazon.com/images/W/IMAGERENDERING_521856-T1/images/I/710gAHYl26L._AC_UL320_.jpg,299
6,Sewing & Craft Supplies #2,"Faber-Castell Creative Studio Watercolours, 5 ml - Set of 12",https://m.media-amazon.com/images/W/IMAGERENDERING_521856-T1/images/I/71EbJgPwB6L._AC_UL320_.jpg,185
6,Sewing & Craft Supplies #3,"Arawaza Double Sided Tape Heavy Duty Self Adhesive Tape, Two Side Sticky Pads Strong Wall Adhesive Strips No Marks Reusabl",https://m.media-amazon.com/images/W/IMAGERENDERING_521856-T1/images/I/71rpS0K-nkL._AC_UL320_.jpg,454
18,Shirts #1,LookMark Men's Poly Cotton Digital Printed Stitched Half Sleeve Shirt,https://m.media-amazon.com/images/I/71cFpnm0b6S._AC_UL320_.jpg,1199
18,Shirts #2,Lyriq Casual Shirt for Men|| Shirt for Men|| Men Stylish Shirt || Men Printed Shirt,https://m.media-amazon.com/images/I/41K8J6J3fUL._AC_UL320_.jpg,1999
18,Shirts #3,Allen Solly Men's Slim Fit Shirt,https://m.media-amazon.com/images/I/71T3EQknkBL._AC_UL320_.jpg,1499
13,Shoes #1,BATA Women's Kafi Slipper,https://m.media-amazon.com/images/I/71XsK-tzvRS._AC_UL320_.jpg,599
13,Shoes #2,DOCTOR EXTRA SOFT Doctor Ortho Slippers for Women.,https://m.media-amazon.com/images/I/51dMc66bcZL._AC_UL320_.jpg,599
13,Shoes #3,BATA womens Ortho Comfit Ladies Flip-Flops,https://m.media-amazon.com/images/I/716iF5ATTbL._AC_UL320_.jpg,299
5,Snack Foods #1,"Britannia Pineapple Plunge Cake, 50g",https://m.media-amazon.com/images/I/617oq3JEGtL._AC_UL320_.jpg,15
5,Snack Foods #2,"Cadbury Chocobakes Choc Filled Cookies, 150 g",https://m.media-amazon.com/images/I/61pA7IJdOFL._AC_UL320_.jpg,70
5,Snack Foods #3,"Sunfeast Dark Fantasy Choco Fills, 600g, Original Filled Cookies with Choco Crème",https://m.media-amazon.com/images/I/81gzAVquhUL._AC_UL320_.jpg,340
3,Speakers #1,Echo Dot ,https://m.media-amazon.com/images/I/61EXU8BuGZL._AC_UL320_.jpg,4499
3,Speakers #2,"ZEBRONICS Zeb-Astra 20 Wireless BT v5.0 Portable Speaker with 10W RMS Output, TWS, 10H Backup Approx, Built in Rechargeabl",https://m.media-amazon.com/images/I/71yCNxkT4GL._AC_UL320_.jpg,2299
3,Speakers #3,"Zebronics ZEB-COUNTY 3W Wireless Bluetooth Portable Speaker With Supporting Carry Handle, USB, SD Card, AUX, FM & Call Fun",https://m.media-amazon.com/images/I/81U3kN9bf1L._AC_UL320_.jpg,999
15,Sports Shoes #1,ASIAN Men's Wonder-13 Sports Running Shoes,https://m.media-amazon.com/images/I/61utX8kBDlL._AC_UL320_.jpg,699
15,Sports Shoes #2,Campus Men's OXYFIT ,https://m.media-amazon.com/images/I/61ePa5fEKnL._AC_UL320_.jpg,999
15,Sports Shoes #3,Campus Men's Maxico Running Shoes,https://m.media-amazon.com/images/I/81Pk4RiSKqL._AC_UL320_.jpg,1299
8,Sportswear #1,Campus Men's Maxico Running Shoes,https://m.media-amazon.com/images/I/81Pk4RiSKqL._AC_UL320_.jpg,1299
8,Sportswear #2,Sparx Men's Running Shoes,https://m.media-amazon.com/images/I/718SPSP6n5L._AC_UL320_.jpg,1499
8,Sportswear #3,Sparx Mens Sx0500g Running Shoe,https://m.media-amazon.com/images/I/41qqR0F0ThL._AC_UL320_.jpg,1099
9,STEM Toys Store #1,Imagimake Mapology India with State Capitals - Educational Toy and Learning Aid for Boys and Girls - India Map Puzzle - Ji,https://m.media-amazon.com/images/W/IMAGERENDERING_521856-T1/images/I/61jneAH2IkL._AC_UL320_.jpg,499
9,STEM Toys Store #2,"Play Poco Magnetic Imagination Shapes - with 102 Magnetic Shapes, 2 Magnetic Boards, 300 Design Booklet, 2 Display Stands",https://m.media-amazon.com/images/W/IMAGERENDERING_521856-T1/images/I/51bN6AhrCgL._AC_UL320_.jpg,1200
9,STEM Toys Store #3,"Funskool Games - Topple, Strategy balancing and skill game, Stack 5 in a row, Kids & Family, 2 - 4 players, 6 & above - Mu",https://m.media-amazon.com/images/W/IMAGERENDERING_521856-T1/images/I/91s2B8IPrBL._AC_UL320_.jpg,499
4,Strength Training #1,Protoner 16Kg PVC Combo Home Gym Package,https://m.media-amazon.com/images/I/71K-gcsnOYL._AC_UL320_.jpg,4999
4,Strength Training #2,"Unisex Hexagon Rubber Vinyl Fixed Dumbbell - Pair Set Hand Weights for Strength Training - Weight Loss, Workout Bench, Gym",https://m.media-amazon.com/images/I/71pcrSXprsL._AC_UL320_.jpg,6450
4,Strength Training #3,LAFILLETTE 150 lbs Metal Hand Gripper Forearm Wrist Heavy Strength Exercise Hand Grip/Fitness Grip ,https://m.media-amazon.com/images/I/41oTg0XNbFL._AC_UL320_.jpg,1199
9,Strollers & Prams #1,BABBY NEST Baby ON Board,https://m.media-amazon.com/images/I/61jV2qK3n9L._AC_UL320_.jpg,249
9,Strollers & Prams #2,"Safe-O-Kid Waterproof Rain Cover, Wind Shield Cover for Baby Pram/Strollers, Transparent",https://m.media-amazon.com/images/I/718tdBuSnJL._AC_UL320_.jpg,599
9,Strollers & Prams #3,"Luv Lap Galaxy Baby Stroller, Pram for Baby with 5 Point Safety Harness, Spacious Cushioned seat with Multi Level seat Rec",https://m.media-amazon.com/images/I/71cp4s8wxwL._AC_UL320_.jpg,7799
11,Suitcases & Trolley Bags #1,Skybags Treble-FIFA 68cm Printed Polycarbonate Hardsided Medium Luggage 8 Wheel Anti Theft Zipper Blue & White Trolley,https://m.media-amazon.com/images/I/71C5GfgxW2L._AC_UL320_.jpg,14500
11,Suitcases & Trolley Bags #2,Tommy Hilfiger Plastic Hard 66 cms Luggage ,https://m.media-amazon.com/images/I/41lIioNQ3NS._AC_UL320_.jpg,7999
11,Suitcases & Trolley Bags #3,Samsonite Polyester Hard 68 Cms Luggage- Suitcase,https://m.media-amazon.com/images/I/71XSVc5fxgL._AC_UL320_.jpg,18800
12,Sunglasses #1,Fastrack Oval Unisex Sunglasses ,https://m.media-amazon.com/images/I/61s9NMJ-wsL._AC_UL320_.jpg,1399
12,Sunglasses #2,NUVeW Mirrored Sports Unisex Sunglasses - ,https://m.media-amazon.com/images/I/61fNyfHaCbL._AC_UL320_.jpg,1245
12,Sunglasses #3,ENRICO Women's Full Rim Cateye Sunglasses | UV Protected Anti-glare Sunglasses | Cateye Sunglasses for Women ,https://m.media-amazon.com/images/I/714gIm20B4L._AC_UL320_.jpg,1800
18,T-shirts & Polos #1,Allen Solly Men's Regular Fit Polo,https://m.media-amazon.com/images/I/71eUwDk8z+L._AC_UL320_.jpg,1099
18,T-shirts & Polos #2,Van Heusen Men's Regular Fit Polo Shirt,https://m.media-amazon.com/images/I/71ISzvgAl2L._AC_UL320_.jpg,1099
18,T-shirts & Polos #3,Scott International Men's Regular Fit T-Shirt ,https://m.media-amazon.com/images/I/71HBNT3R66L._AC_UL320_.jpg,2397
3,Televisions #1,Samsung 80 cm ,https://m.media-amazon.com/images/W/IMAGERENDERING_521856-T2/images/I/71a4ZQNqTiL._AC_UL320_.jpg,22900
3,Televisions #2,MI 80 cm ,https://m.media-amazon.com/images/W/IMAGERENDERING_521856-T2/images/I/81tD7OZ0RXL._AC_UL320_.jpg,24999
3,Televisions #3,Redmi 80 cm ,https://m.media-amazon.com/images/W/IMAGERENDERING_521856-T2/images/I/71L-lTQnJiL._AC_UL320_.jpg,24999
17,"Test, Measure & Inspect #1","Konvio Neer Imported Total Dissolved Solids Meter, Water Quality Tester, PPM Tester For Household Drinking Water, Swimming",https://m.media-amazon.com/images/I/41T7y64PCiS._AC_UL320_.jpg,699
17,"Test, Measure & Inspect #2",Asian Paints TruCare Carbon Steel Measuring Tape Strip | With Thumb Lock and Belt Clip ,https://m.media-amazon.com/images/I/51v4maUtHIL._AC_UL320_.jpg,299
17,"Test, Measure & Inspect #3",STANLEY STHT36127-812 5 Meter Plastic Short Measuring Tape ,https://m.media-amazon.com/images/I/41unYMcqpZL._AC_UL320_.jpg,154
8,The Designer Boutique #1,global desi Women's Regular Fit Top,https://m.media-amazon.com/images/W/IMAGERENDERING_521856-T1/images/I/91DYbYjyneL._AC_UL320_.jpg,1699
8,The Designer Boutique #2,uppercase Medium 23 Ltrs Tall Boy ,https://m.media-amazon.com/images/W/IMAGERENDERING_521856-T1/images/I/61373tSdppL._AC_UL320_.jpg,2300
8,The Designer Boutique #3,DailyObjects Skinny Fit Card Wallet,https://m.media-amazon.com/images/W/IMAGERENDERING_521856-T1/images/I/71RGcgsBqHL._AC_UL320_.jpg,499
9,Toys & Games #1,"DURACELL 36 Watts Fast Wall Charger Adapter, Type C Power Delivery & QC 3.0 USB Charger Fast Charging Compatible with iPho",https://m.media-amazon.com/images/I/51tS-cfYoXL._AC_UL320_.jpg,2799
9,Toys & Games #2,DearJoy Big Fibre Filled Baby Pillow and Stuffed Animal Elephant Soft Toy of Plush Hugging Pillow Material for Kids Boy/Gi,https://m.media-amazon.com/images/I/71XB26V+weL._AC_UL320_.jpg,2000
9,Toys & Games #3,"Centy Toys Plastic Pull Back Auto Rickshaw, Number Of Pieces: 1, Multicolour",https://m.media-amazon.com/images/I/51uB7i1cw+L._AC_UL320_.jpg,186
9,Toys Gifting Store #1,Imagimake: Mapology World with Flags & Capitals- with Country Shaped Pieces- Jigsaw Puzzle and Educational Toy for Boys an,https://m.media-amazon.com/images/I/61SiDgrKGrL._AC_UL320_.jpg,799
9,Toys Gifting Store #2,"The Flyers Bay Rc Stunt 360° Remote Control Car, Multicolor",https://m.media-amazon.com/images/I/61Ha7QuWoYL._AC_UL320_.jpg,999
9,Toys Gifting Store #3,"WireScorts Chargebale Plastic Racing Car for Kids with Remote Control, Pack of 1, Multicolored",https://m.media-amazon.com/images/I/61I99PHka+L._AC_UL320_.jpg,1599
11,Travel Accessories #1,"GLUN Bolt Electronic Portable Fishing Hook Type Digital LED Screen Luggage Weighing Scale, 50 kg/110 Lb ",https://m.media-amazon.com/images/W/IMAGERENDERING_521856-T1/images/I/61ofVvpW2ZL._AC_UL320_.jpg,899
11,Travel Accessories #2,Boldfit Shoe Bag for Travel & Storage Travel Organizer for Women & Men Travel Accessories Shoe Organizer Shoe Bags Pouches,https://m.media-amazon.com/images/W/IMAGERENDERING_521856-T1/images/I/71UlEDZPiCL._AC_UL320_.jpg,599
11,Travel Accessories #3,GoTrippin Metal Luggage Weighing Scale Digital ,https://m.media-amazon.com/images/W/IMAGERENDERING_521856-T1/images/I/71hsXSulLkL._AC_UL320_.jpg,1200
11,Travel Duffles #1,Alfisha Nylon Waterproof Strolley Luggage Duffle Bag with 2 Wheels ,https://m.media-amazon.com/images/I/81wDluT18EL._AC_UL320_.jpg,1299
11,Travel Duffles #2,TAGUDA travel foldable portable lightweight luggage storage duffle tote hand organizer easy carry bags backpack set for me,https://m.media-amazon.com/images/I/5123aRINmQL._AC_UL320_.jpg,529
11,Travel Duffles #3,Gear polyester 24 Cms Duffle Bag,https://m.media-amazon.com/images/I/91uMNPcR9KL._AC_UL320_.jpg,1599
14,Value Bazaar #1,"Cetaphil Moisturising Cream for Face & Body , Dry to very dry skin, 80 gm",https://m.media-amazon.com/images/I/61pK4c7UNiL._AC_UL320_.jpg,465
14,Value Bazaar #2,"Minimalist 10% Niacinamide Face Serum for Acne Marks, Blemishes & Oil Balancing with Zinc | Skin Clarifying Anti Acne Seru",https://m.media-amazon.com/images/I/61sR7sZoEBL._AC_UL320_.jpg,599
14,Value Bazaar #3,"Surf Excel Matic Top Load Liquid Detergent 3.2 L Refill, Designed for Tough Stain Removal on Laundry in Washing Machines -",https://m.media-amazon.com/images/I/61KFEAQk4GL._AC_UL320_.jpg,700
11,Wallets #1,URBAN BOX Minimalist Pop up Card Holder Wallet for Men RFID Blocking | Slim Business Credit Card Wallet with Money Pocket,https://m.media-amazon.com/images/W/IMAGERENDERING_521856-T1/images/I/41zNVteaz3L._AC_UL320_.jpg,499
11,Wallets #2,GETOREE Florence Black RFID Blocking Leather Wallet for Men | Wallets Men Leather | Mens Wallet | Wallets for Men,https://m.media-amazon.com/images/W/IMAGERENDERING_521856-T1/images/I/81O2TcL6FqL._AC_UL320_.jpg,1999
11,Wallets #3,Aakrutii Embroidery Cotton Zipper Pouch for Women | Mini Packet | Handcrafted | Environmental Friendly | ,https://m.media-amazon.com/images/W/IMAGERENDERING_521856-T1/images/I/81-n2wxtyIL._AC_UL320_.jpg,300
1,Washing Machines #1,Samsung 7 kg Fully-Automatic Top Loading Washing Machine ,https://m.media-amazon.com/images/I/510mV2GAtkL._AC_UL320_.jpg,21000
1,Washing Machines #2,Samsung 7 Kg Inverter 5 Star Fully-Automatic Top Load Eco Bubble Washing Machine ,https://m.media-amazon.com/images/I/61Ct6+KF4AL._AC_UL320_.jpg,22500
1,Washing Machines #3,Samsung 6.5 Kg 5 Star Inverter Fully-Automatic Top Loading Washing Machine ,https://m.media-amazon.com/images/I/61Mt19diw9L._AC_UL320_.jpg,23900
12,Watches #1,Fastrack Reflex Play|1.3” AMOLED Display Smart Watch with AOD|Premium Metallic Body|Animated Watchfaces|in-Built Games|BP,https://m.media-amazon.com/images/W/IMAGERENDERING_521856-T1/images/I/71MXBWGALUL._AC_UL320_.jpg,7995
12,Watches #2,"Fossil Gen 5E Smartwatch with AMOLED Screen, Wear OS by Google, Built-in Speaker for Phone Calls, Google Assistant, SpO2, ",https://m.media-amazon.com/images/W/IMAGERENDERING_521856-T1/images/I/81gU0NVV5WL._AC_UL320_.jpg,18495
12,Watches #3,Fossil Analog Rose Gold Dial Women's Watch-BQ3181,https://m.media-amazon.com/images/W/IMAGERENDERING_521856-T1/images/I/611I0f+I+MS._AC_UL320_.jpg,9495
16,Western Wear #1,LEOTUDE Women's Cottonblend Half Sleeve Oversized T-Shirts ,https://m.media-amazon.com/images/I/61iKv6-unXL._AC_UL320_.jpg,1099
16,Western Wear #2,Alexvyan Women Warm Thick Fur Lined Fleece Thermal Soft Legging Winter Slim Fit Tights Stocking,https://m.media-amazon.com/images/I/41kY+dxDpzL._AC_UL320_.jpg,1299
16,Western Wear #3,Electomania Women's Silk Underskirt ,https://m.media-amazon.com/images/I/41rS-qOPTwL._AC_UL320_.jpg,1999
8,Women's Fashion #1,ayushicreationa Women's Ankle Length Cotton Socks,https://m.media-amazon.com/images/W/IMAGERENDERING_521856-T2/images/I/41wu-MZj1LL._AC_UL320_.jpg,599
8,Women's Fashion #2,IFLASH Rectangle Sunglasses for Women Retro Fashion Sunglasses UV 400 Protection Square Frame Eyewear,https://m.media-amazon.com/images/W/IMAGERENDERING_521856-T2/images/I/51dOu+j2-yL._AC_UL320_.jpg,1999
8,Women's Fashion #3,Atasi International Gold Plated Crystal Necklace Jewellery Set with Earrings Suited for Party Wedding Festive for Women,https://m.media-amazon.com/images/W/IMAGERENDERING_521856-T2/images/I/31YY+SAt4TL._AC_UL320_.jpg,1999
4,Yoga #1,Dr Trust TPE Premium Luxfoam Yoga Mat for Gym Workout and Flooring Exercise Yoga Mat for Men and Women Fitness - 317,https://m.media-amazon.com/images/I/81wvPXmY45L._AC_UL320_.jpg,4000
4,Yoga #2,QUADA Ankle Brace Support Sleeve ,https://m.media-amazon.com/images/I/51u4ZZ7A8aL._AC_UL320_.jpg,699
4,Yoga #3,AmazonBasics 6 mm Thick TPE Yoga Mat,https://m.media-amazon.com/images/I/71NNoJ8-gaL._AC_UL320_.jpg,2700
